{"cameraMode":{"drawMode":0,"name":"Shaded","section":"Shading Mode"},"sceneLighting":false,"audioPlay":false,"sceneViewState":{"m_AlwaysRefresh":false,"showFog":true,"showSkybox":false,"showFlares":true,"showImageEffects":true,"showParticleSystems":true,"showVisualEffectGraphs":true,"m_FxEnabled":true},"in2DMode":false,"pivot":{"x":0.9187780618667603,"y":2.0143957138061525,"z":1.6061848402023316},"rotation":{"x":0.03012225218117237,"y":-0.7779528498649597,"z":0.03891909494996071,"w":0.6264654397964478},"size":0.25980764627456667,"orthographic":false}