{"cameraMode":{"drawMode":0,"name":"Shaded","section":"Shading Mode"},"sceneLighting":false,"audioPlay":false,"sceneViewState":{"m_AlwaysRefresh":false,"showFog":true,"showSkybox":false,"showFlares":true,"showImageEffects":true,"showParticleSystems":true,"showVisualEffectGraphs":true,"m_FxEnabled":true},"in2DMode":false,"pivot":{"x":1.0399999618530274,"y":1.9700000286102296,"z":1.6979999542236329},"rotation":{"x":0.29045408964157107,"y":0.06014079973101616,"z":-0.017282895743846895,"w":0.9548892378807068},"size":0.25980764627456667,"orthographic":false}