{"cameraMode":{"drawMode":0,"name":"Shaded","section":"Shading Mode"},"sceneLighting":false,"audioPlay":false,"sceneViewState":{"m_AlwaysRefresh":false,"showFog":true,"showSkybox":false,"showFlares":true,"showImageEffects":true,"showParticleSystems":true,"showVisualEffectGraphs":true,"m_FxEnabled":true},"in2DMode":false,"pivot":{"x":-0.2987758219242096,"y":-0.12286657094955445,"z":-0.1265580803155899},"rotation":{"x":0.06460268795490265,"y":-0.8028020262718201,"z":0.08852193504571915,"w":0.5860809683799744},"size":0.24352924525737763,"orthographic":false}