{"cameraMode":{"drawMode":0,"name":"Shaded","section":"Shading Mode"},"sceneLighting":false,"audioPlay":false,"sceneViewState":{"m_AlwaysRefresh":false,"showFog":true,"showSkybox":false,"showFlares":true,"showImageEffects":true,"showParticleSystems":true,"showVisualEffectGraphs":true,"m_FxEnabled":true},"in2DMode":false,"pivot":{"x":0.031422168016433719,"y":-0.02731078863143921,"z":-0.05178055167198181},"rotation":{"x":-0.17685410380363465,"y":-0.3149992823600769,"z":0.059849970042705539,"w":-0.9305416941642761},"size":0.2442360669374466,"orthographic":false}