{"cameraMode":{"drawMode":0,"name":"Shaded","section":"Shading Mode"},"sceneLighting":false,"audioPlay":false,"sceneViewState":{"m_AlwaysRefresh":false,"showFog":true,"showSkybox":false,"showFlares":true,"showImageEffects":true,"showParticleSystems":true,"showVisualEffectGraphs":true,"m_FxEnabled":true},"in2DMode":false,"pivot":{"x":-0.2546573877334595,"y":-0.15403108298778535,"z":-0.16485495865345},"rotation":{"x":0.07272859662771225,"y":-0.8967103958129883,"z":0.16068924963474275,"w":0.40595194697380068},"size":0.2442360669374466,"orthographic":false}