{"cameraMode":{"drawMode":0,"name":"Shaded","section":"Shading Mode"},"sceneLighting":false,"audioPlay":false,"sceneViewState":{"m_AlwaysRefresh":false,"showFog":true,"showSkybox":false,"showFlares":true,"showImageEffects":true,"showParticleSystems":true,"showVisualEffectGraphs":true,"m_FxEnabled":true},"in2DMode":false,"pivot":{"x":0.0003601871430873871,"y":-4.0046870708465579e-8,"z":0.0011832527816295624},"rotation":{"x":-0.009366853162646294,"y":-0.9656270146369934,"z":0.035071611404418948,"w":-0.2572874426841736},"size":0.07265590876340866,"orthographic":false}